1,Project1
2,Project2
3,Project3
4,Project4
5,Project5
6,Project6
7,Project7
8,Project8
9,Project9
10,Project10
11,Project11
12,Project12
13,Project13
14,Project14
15,Project15
16,Project16
17,Project17
18,Project18
19,Project19
20,Project20
21,Project21
22,Project22
23,Project23
24,Project24
25,Project25
26,Project26
27,Project27
28,Project28
29,Project29
30,Project30
31,Project31
32,Project32
33,Project33
34,Project34
35,Project35
36,Project36
37,Project37
38,Project38
39,Project39
40,Project40
41,Project41
42,Project42
43,Project43
44,Project44
45,Project45
46,Project46
47,Project47
48,Project48
49,Project49
50,Project50
51,Project51
52,Project52
53,Project53
54,Project54
55,Project55
56,Project56
57,Project57
58,Project58
59,Project59
60,Project60
61,Project61
62,Project62
63,Project63
64,Project64
65,Project65
66,Project66
67,Project67
68,Project68
69,Project69
70,Project70
71,Project71
72,Project72
73,Project73
74,Project74
75,Project75
76,Project76
77,Project77
78,Project78
79,Project79
80,Project80
81,Project81
82,Project82
83,Project83
84,Project84
85,Project85
86,Project86
87,Project87
88,Project88
89,Project89
90,Project90
91,Project91
92,Project92
93,Project93
94,Project94
95,Project95
96,Project96
97,Project97
98,Project98
99,Project99
100,Project100
101,Project101
102,Project102
103,Project103
104,Project104
105,Project105
106,Project106
107,Project107
108,Project108
109,Project109
110,Project110
111,Project111
112,Project112
113,Project113
114,Project114
115,Project115
116,Project116
117,Project117
118,Project118
119,Project119
120,Project120
121,Project121
122,Project122
123,Project123
124,Project124
125,Project125
126,Project126
127,Project127
128,Project128
129,Project129
130,Project130
131,Project131
132,Project132
133,Project133
134,Project134
135,Project135
136,Project136
137,Project137
138,Project138
139,Project139
140,Project140
141,Project141
142,Project142
143,Project143
144,Project144
145,Project145
146,Project146
147,Project147
148,Project148
149,Project149
150,Project150
151,Project151
152,Project152
153,Project153
154,Project154
155,Project155
156,Project156
157,Project157
158,Project158
159,Project159
160,Project160
161,Project161
162,Project162
163,Project163
164,Project164
165,Project165
166,Project166
167,Project167
168,Project168
169,Project169
170,Project170
171,Project171
172,Project172
173,Project173
174,Project174
175,Project175
176,Project176
177,Project177
178,Project178
179,Project179
180,Project180
181,Project181
182,Project182
183,Project183
184,Project184
185,Project185
186,Project186
187,Project187
188,Project188
189,Project189
190,Project190
191,Project191
192,Project192
193,Project193
194,Project194
195,Project195
196,Project196
197,Project197
198,Project198
199,Project199
200,Project200
201,Project201
202,Project202
203,Project203
204,Project204
205,Project205
206,Project206
207,Project207
208,Project208
209,Project209
210,Project210
211,Project211
212,Project212
213,Project213
214,Project214
215,Project215
216,Project216
217,Project217
218,Project218
219,Project219
220,Project220
221,Project221
222,Project222
223,Project223
224,Project224
225,Project225
226,Project226
227,Project227
228,Project228
229,Project229
230,Project230
231,Project231
232,Project232
233,Project233
234,Project234
235,Project235
236,Project236
237,Project237
238,Project238
239,Project239
240,Project240
241,Project241
242,Project242
243,Project243
244,Project244
245,Project245
246,Project246
247,Project247
248,Project248
249,Project249
250,Project250
251,Project251
252,Project252
253,Project253
254,Project254
255,Project255
256,Project256
257,Project257
258,Project258
259,Project259
260,Project260
261,Project261
262,Project262
263,Project263
264,Project264
265,Project265
266,Project266
267,Project267
268,Project268
269,Project269
270,Project270
271,Project271
272,Project272
273,Project273
274,Project274
275,Project275
276,Project276
277,Project277
278,Project278
279,Project279
280,Project280
281,Project281
282,Project282
283,Project283
284,Project284
285,Project285
286,Project286
287,Project287
288,Project288
289,Project289
290,Project290
291,Project291
292,Project292
293,Project293
294,Project294
295,Project295
296,Project296
297,Project297
298,Project298
299,Project299
300,Project300
301,Project301
302,Project302
303,Project303
304,Project304
305,Project305
306,Project306
307,Project307
308,Project308
309,Project309
310,Project310
311,Project311
312,Project312
313,Project313
314,Project314
315,Project315
316,Project316
317,Project317
318,Project318
319,Project319
320,Project320
321,Project321
322,Project322
323,Project323
324,Project324
325,Project325
326,Project326
327,Project327
328,Project328
329,Project329
330,Project330
331,Project331
332,Project332
333,Project333
334,Project334
335,Project335
336,Project336
337,Project337
338,Project338
339,Project339
340,Project340
341,Project341
342,Project342
343,Project343
344,Project344
345,Project345
346,Project346
347,Project347
348,Project348
349,Project349
350,Project350
351,Project351
352,Project352
353,Project353
354,Project354
355,Project355
356,Project356
357,Project357
358,Project358
359,Project359
360,Project360
361,Project361
362,Project362
363,Project363
364,Project364
365,Project365
366,Project366
367,Project367
368,Project368
369,Project369
370,Project370
371,Project371
372,Project372
373,Project373
374,Project374
375,Project375
376,Project376
377,Project377
378,Project378
379,Project379
380,Project380
381,Project381
382,Project382
383,Project383
384,Project384
385,Project385
386,Project386
387,Project387
388,Project388
389,Project389
390,Project390
391,Project391
392,Project392
393,Project393
394,Project394
395,Project395
396,Project396
397,Project397
398,Project398
399,Project399
400,Project400
401,Project401
402,Project402
403,Project403
404,Project404
405,Project405
406,Project406
407,Project407
408,Project408
409,Project409
410,Project410
411,Project411
412,Project412
413,Project413
414,Project414
415,Project415
416,Project416
417,Project417
418,Project418
419,Project419
420,Project420
421,Project421
422,Project422
423,Project423
424,Project424
425,Project425
426,Project426
427,Project427
428,Project428
429,Project429
430,Project430
431,Project431
432,Project432
433,Project433
434,Project434
435,Project435
436,Project436
437,Project437
438,Project438
439,Project439
440,Project440
441,Project441
442,Project442
443,Project443
444,Project444
445,Project445
446,Project446
447,Project447
448,Project448
449,Project449
450,Project450
451,Project451
452,Project452
453,Project453
454,Project454
455,Project455
456,Project456
457,Project457
458,Project458
459,Project459
460,Project460
461,Project461
462,Project462
463,Project463
464,Project464
465,Project465
466,Project466
467,Project467
468,Project468
469,Project469
470,Project470
471,Project471
472,Project472
473,Project473
474,Project474
475,Project475
476,Project476
477,Project477
478,Project478
479,Project479
480,Project480
481,Project481
482,Project482
483,Project483
484,Project484
485,Project485
486,Project486
487,Project487
488,Project488
489,Project489
490,Project490
491,Project491
492,Project492
493,Project493
494,Project494
495,Project495
496,Project496
497,Project497
498,Project498
499,Project499
500,Project500
501,Project501
502,Project502
503,Project503
504,Project504
505,Project505
506,Project506
507,Project507
508,Project508
509,Project509
510,Project510
511,Project511
512,Project512
513,Project513
514,Project514
515,Project515
516,Project516
517,Project517
518,Project518
519,Project519
520,Project520
521,Project521
522,Project522
523,Project523
524,Project524
525,Project525
526,Project526
527,Project527
528,Project528
529,Project529
530,Project530
531,Project531
532,Project532
533,Project533
534,Project534
535,Project535
536,Project536
537,Project537
538,Project538
539,Project539
540,Project540
541,Project541
542,Project542
543,Project543
544,Project544
545,Project545
546,Project546
547,Project547
548,Project548
549,Project549
550,Project550
551,Project551
552,Project552
553,Project553
554,Project554
555,Project555
556,Project556
557,Project557
558,Project558
559,Project559
560,Project560
561,Project561
562,Project562
563,Project563
564,Project564
565,Project565
566,Project566
567,Project567
568,Project568
569,Project569
570,Project570
571,Project571
572,Project572
573,Project573
574,Project574
575,Project575
576,Project576
577,Project577
578,Project578
579,Project579
580,Project580
581,Project581
582,Project582
583,Project583
584,Project584
585,Project585
586,Project586
587,Project587
588,Project588
589,Project589
590,Project590
591,Project591
592,Project592
593,Project593
594,Project594
595,Project595
596,Project596
597,Project597
598,Project598
599,Project599
600,Project600
601,Project601
602,Project602
603,Project603
604,Project604
605,Project605
606,Project606
607,Project607
608,Project608
609,Project609
610,Project610
611,Project611
612,Project612
613,Project613
614,Project614
615,Project615
616,Project616
617,Project617
618,Project618
619,Project619
620,Project620
621,Project621
622,Project622
623,Project623
624,Project624
625,Project625
626,Project626
627,Project627
628,Project628
629,Project629
630,Project630
631,Project631
632,Project632
633,Project633
634,Project634
635,Project635
636,Project636
637,Project637
638,Project638
639,Project639
640,Project640
641,Project641
642,Project642
643,Project643
644,Project644
645,Project645
646,Project646
647,Project647
648,Project648
649,Project649
650,Project650
651,Project651
652,Project652
653,Project653
654,Project654
655,Project655
656,Project656
657,Project657
658,Project658
659,Project659
660,Project660
661,Project661
662,Project662
663,Project663
664,Project664
665,Project665
666,Project666
667,Project667
668,Project668
669,Project669
670,Project670
671,Project671
672,Project672
673,Project673
674,Project674
675,Project675
676,Project676
677,Project677
678,Project678
679,Project679
680,Project680
681,Project681
682,Project682
683,Project683
684,Project684
685,Project685
686,Project686
687,Project687
688,Project688
689,Project689
690,Project690
691,Project691
692,Project692
693,Project693
694,Project694
695,Project695
696,Project696
697,Project697
698,Project698
699,Project699
700,Project700
701,Project701
702,Project702
703,Project703
704,Project704
705,Project705
706,Project706
707,Project707
708,Project708
709,Project709
710,Project710
711,Project711
712,Project712
713,Project713
714,Project714
715,Project715
716,Project716
717,Project717
718,Project718
719,Project719
720,Project720
721,Project721
722,Project722
723,Project723
724,Project724
725,Project725
726,Project726
727,Project727
728,Project728
729,Project729
730,Project730
731,Project731
732,Project732
733,Project733
734,Project734
735,Project735
736,Project736
737,Project737
738,Project738
739,Project739
740,Project740
741,Project741
742,Project742
743,Project743
744,Project744
745,Project745
746,Project746
747,Project747
748,Project748
749,Project749
750,Project750
751,Project751
752,Project752
753,Project753
754,Project754
755,Project755
756,Project756
757,Project757
758,Project758
759,Project759
760,Project760
761,Project761
762,Project762
763,Project763
764,Project764
765,Project765
766,Project766
767,Project767
768,Project768
769,Project769
770,Project770
771,Project771
772,Project772
773,Project773
774,Project774
775,Project775
776,Project776
777,Project777
778,Project778
779,Project779
780,Project780
781,Project781
782,Project782
783,Project783
784,Project784
785,Project785
786,Project786
787,Project787
788,Project788
789,Project789
790,Project790
791,Project791
792,Project792
793,Project793
794,Project794
795,Project795
796,Project796
797,Project797
798,Project798
799,Project799
800,Project800
801,Project801
802,Project802
803,Project803
804,Project804
805,Project805
806,Project806
807,Project807
808,Project808
809,Project809
810,Project810
811,Project811
812,Project812
813,Project813
814,Project814
815,Project815
816,Project816
817,Project817
818,Project818
819,Project819
820,Project820
821,Project821
822,Project822
823,Project823
824,Project824
825,Project825
826,Project826
827,Project827
828,Project828
829,Project829
830,Project830
831,Project831
832,Project832
833,Project833
834,Project834
835,Project835
836,Project836
837,Project837
838,Project838
839,Project839
840,Project840
841,Project841
842,Project842
843,Project843
844,Project844
845,Project845
846,Project846
847,Project847
848,Project848
849,Project849
850,Project850
851,Project851
852,Project852
853,Project853
854,Project854
855,Project855
856,Project856
857,Project857
858,Project858
859,Project859
860,Project860
861,Project861
862,Project862
863,Project863
864,Project864
865,Project865
866,Project866
867,Project867
868,Project868
869,Project869
870,Project870
871,Project871
872,Project872
873,Project873
874,Project874
875,Project875
876,Project876
877,Project877
878,Project878
879,Project879
880,Project880
881,Project881
882,Project882
883,Project883
884,Project884
885,Project885
886,Project886
887,Project887
888,Project888
889,Project889
890,Project890
891,Project891
892,Project892
893,Project893
894,Project894
895,Project895
896,Project896
897,Project897
898,Project898
899,Project899
900,Project900
901,Project901
902,Project902
903,Project903
904,Project904
905,Project905
906,Project906
907,Project907
908,Project908
909,Project909
910,Project910
911,Project911
912,Project912
913,Project913
914,Project914
915,Project915
916,Project916
917,Project917
918,Project918
919,Project919
920,Project920
921,Project921
922,Project922
923,Project923
924,Project924
925,Project925
926,Project926
927,Project927
928,Project928
929,Project929
930,Project930
931,Project931
932,Project932
933,Project933
934,Project934
935,Project935
936,Project936
937,Project937
938,Project938
939,Project939
940,Project940
941,Project941
942,Project942
943,Project943
944,Project944
945,Project945
946,Project946
947,Project947
948,Project948
949,Project949
950,Project950
951,Project951
952,Project952
953,Project953
954,Project954
955,Project955
956,Project956
957,Project957
958,Project958
959,Project959
960,Project960
961,Project961
962,Project962
963,Project963
964,Project964
965,Project965
966,Project966
967,Project967
968,Project968
969,Project969
970,Project970
971,Project971
972,Project972
973,Project973
974,Project974
975,Project975
976,Project976
977,Project977
978,Project978
979,Project979
980,Project980
981,Project981
982,Project982
983,Project983
984,Project984
985,Project985
986,Project986
987,Project987
988,Project988
989,Project989
990,Project990
991,Project991
992,Project992
993,Project993
994,Project994
995,Project995
996,Project996
997,Project997
998,Project998
999,Project999
1000,Project1000
